7.499083963168443057e-02,-4.443160175919764199e-01,-3.286418518575734415e-02
-1.840298707831334590e-01,-2.100227403265772508e-01,6.122475277059829385e-02
-1.450767387467680886e-02,-6.554927958471062910e-02,-4.134141762605521297e-02
1.458454824188163967e-01,-2.136737874233190226e-01,4.376618823201269826e-03
-2.733496825458081037e-01,1.330029662083158093e-01,-1.185681038375624580e-01
7.024108677032299131e-01,1.441242541492393225e-01,-9.758353651487181035e-04
-6.988961373924489351e-01,-4.052883873145568527e-01,1.565695510000568447e-02
-4.771213510974877670e-01,5.824768916354221560e-01,-4.266192286041194104e-02
-2.772142972935523475e-01,-1.082891451487789508e-01,1.122888816253632821e-01
-9.715117050587895875e-02,-5.685731602855811223e-02,-7.731451471040928780e-02
-2.624013094798558487e-01,1.283761849836722591e-01,-1.752372594776155368e-02
-6.413408075120715646e-01,-3.908993195187710490e-01,-4.361270882086418221e-02
-4.441771701884583146e-01,-3.460520908097229342e-01,2.722803923489699671e-02
-5.328818214999158087e-01,2.705977608996785189e-01,-5.727460356993830520e-03
-1.943176997069118173e-01,-2.272124658650033768e-01,-1.674659323701830141e-02
3.917703224355648106e-01,5.468634165711809825e-01,3.322166846246668581e-02
-2.127632585319630953e-01,1.018563844981163480e-01,-4.324922668451446073e-02
-3.314668802382557677e-01,1.648111330781591444e-01,-5.442336707444468333e-03
3.355754441630408591e-01,-3.925385403992026068e-01,-4.922561252601942439e-02
-2.539001923686010076e-01,-1.494769878347460001e-02,-3.846961984969348575e-03
4.882941853264833876e-01,3.869833760660083555e-01,5.216234140208050180e-02
-9.030197277806475964e-02,-3.554309792790121825e-01,6.145438536043918917e-03
-6.092105236401799961e-02,-2.184623051029731533e-01,-4.592738290288196634e-02
-2.641414555122910679e-01,4.180325331884789386e-01,-8.649806237990791472e-03
-1.811382430407217081e-02,8.449334472138671226e-02,5.522794263949831750e-02
9.772876164046087263e-03,-5.854444427005452978e-01,-9.366338333685591405e-03
-1.861186465261604334e-02,1.155825761533137569e-01,-6.637049505369811003e-03
-6.214149712963020766e-01,6.804152019362922355e-01,-2.562282784543234299e-02
7.897174876300507851e-01,7.761033331997713169e-02,6.645550316531773083e-04
8.023235572836838470e-02,1.101258375244013321e-01,-5.900157072763988209e-02
-4.415572907833798522e-01,-2.366870402933681783e-01,8.871950040650000702e-02
5.022922275285619520e-01,4.862358574652004828e-01,4.511019296819886171e-03
-9.828781211402465301e-02,-3.419727765779876361e-01,-4.464888298511856396e-02
-6.707161683161318999e-01,-3.490322043805832442e-01,5.282218858986169330e-02
4.521366682459884156e-01,6.213531494783458564e-01,1.913700549000413309e-02
1.686886922608030193e-01,-2.948027725405745203e-01,-6.805145934858700119e-02
-1.731747145428945978e-01,8.762646027333280407e-02,-1.038076991185178516e-01
3.782793564633225025e-01,7.541948572457116695e-01,3.249996447276210648e-02
-2.282367496849205535e-01,1.312921525964605984e-01,-1.438742102002863454e-01
-7.102562112129611194e-01,-4.840948327174705579e-01,2.120731828824470866e-02
-3.671953380619588092e-01,4.571454373889589085e-01,-2.667325360514120197e-02
2.453333159749042924e-01,-3.863747472276499728e-01,-6.295891830467076344e-02
7.147250160190669888e-02,-5.452733943178139642e-01,-8.365939260323064508e-02
1.125068234943005369e-01,-5.274872581863095933e-01,-1.767343140725032707e-02
-4.245779537199954601e-01,4.719987552094677408e-02,6.447971172937765928e-03
-2.879837090840626224e-01,1.265386219585959426e-01,6.164523105036148060e-03
5.208827394231773100e-01,3.042041992528555783e-01,8.742640632583584259e-02
2.892037248552172257e-01,-5.901669113662527666e-01,-9.615762276277658657e-03
-4.211892829259306636e-01,-2.499435445997413296e-01,-6.927071390987604715e-02
6.237789582944707617e-02,-2.318387593562818982e-01,-1.034143427718524494e-01
-5.825429418053786890e-01,-3.755326481900449487e-01,-1.372452791098962011e-01
5.488962313927105985e-01,3.363483177446284222e-01,5.510606979210466716e-02
3.221475397970430254e-02,-7.200100810873417967e-02,2.889274120204931087e-02
-1.045104411958076851e-01,1.824917554854326995e-01,-1.489459072824077940e-02
2.150428523471729636e-01,2.222353661061966523e-01,-6.107545066620981289e-02
1.224070192121499562e-01,1.470314142144723280e-01,-3.030412788430481702e-02
1.336261945600736023e-01,1.190437291284380250e-01,-1.046137657000311000e-01
-1.144905407774474831e-01,-4.537699169685409373e-02,-8.740053263533879846e-02
1.646817947082250821e-01,1.784966158005364401e-01,-3.053487950500282516e-02
3.093404524541066292e-01,1.531439370536452349e-01,1.071174587685633506e-01
6.229144587079354922e-01,3.831915291035289939e-01,2.826366507263491923e-01
7.966344641659017789e-01,5.982224913781920839e-02,2.740769044912497870e-02
-4.857853425081570808e-01,-3.641418821428340502e-01,8.843136598521410263e-02
-2.884408455574999919e-01,-2.081296007460857189e-01,-8.547169079682488679e-02
6.724370832744321902e-01,2.521311382514265231e-01,2.601543880029002359e-03
4.088979085812626257e-01,2.900250115238713344e-01,1.276200307621863095e-01
7.047755249271117628e-02,-2.507029548511167105e-01,-1.067407921027537232e-01
-2.593632899841665229e-01,-3.182759081958719954e-02,2.033675823423829188e-02
-5.541008983677035982e-01,-3.964648806665696523e-01,-1.517745934115072859e-01
2.267678974053465024e-01,1.173271108510715033e-01,-4.503762295582821457e-02
-1.617458082950836151e-01,-4.070198668928063923e-01,4.533833232171774995e-03
-1.528282992622144454e-01,-9.142968757058141105e-02,-6.924915573144224679e-02
-1.872869300044192609e-01,-2.210906736776507148e-02,2.371534495744666987e-02
5.377212570931825253e-01,3.318389970735273753e-01,7.011640268313248936e-02
-2.688467056325832827e-01,-3.201573534415440014e-01,4.272036140625434797e-02
3.815737936013604559e-01,1.818734005057509040e-01,4.437715603443635748e-02
-3.048704123091970364e-01,1.530354556761164275e-01,-6.787763874019001054e-02
-4.288032161949287269e-01,5.443512147962853431e-01,-4.314693994947359917e-02
3.991932993934709240e-01,3.003621283704392408e-01,1.779238143138182904e-01
-5.022738307840306504e-01,4.637533835215286795e-04,-2.609679655751039051e-02
-5.139777815962839336e-01,7.022019895609402651e-01,4.804719719696672747e-03
8.493208147310488121e-02,-2.512347673647012947e-01,-7.130987899343879666e-02
2.310552072221501163e-01,-4.862141590694064597e-01,-5.791222692878051498e-02
2.993055399025195129e-01,-6.497674214255535485e-01,-4.201925345526280609e-02
-1.921627813423422426e-01,-1.788039439822512455e-01,-2.870385635101001948e-02
2.758805642760446541e-02,-2.922633722107485510e-01,-1.355057579454268732e-02
-1.719933398475202158e-01,-3.647553320960049139e-01,-2.180210064412754778e-03
-1.048670385380640474e-01,-2.596215617723074409e-01,-4.380250297325891801e-02
-3.584503508078906164e-01,2.553866105537112019e-01,-6.771959755895848310e-02
6.297683747703054502e-01,4.114926643197489020e-01,1.586417116466165567e-01
-3.828073692545686524e-01,3.175498597604271556e-01,4.224284028527930390e-02
-2.548842846389340888e-01,-5.494378302001926700e-02,5.410768178337267698e-02
5.729588404170548044e-01,3.956411676757862761e-01,6.985978121955202513e-02
5.672355458761657587e-03,-4.333738193520600968e-01,-4.411930325555342425e-02
5.762802401273644515e-01,3.381355408926292605e-01,1.894165374968895255e-02
-1.832882302475752068e-01,2.535352351553379346e-01,-1.260795718951089328e-01
4.409115699686578238e-01,2.003902716951886098e-01,-2.579884682340759586e-02
1.436441532148165501e-01,-4.676307931555263586e-01,-3.255520792998364832e-02
-7.913574329252336115e-02,2.775897191637626826e-01,-2.484853544666758632e-02
-3.413770380645954339e-02,-3.915579855776594176e-01,-5.485602347941483797e-02
9.476417469023828977e-02,-2.316197881908451384e-01,-1.242498773669944157e-01
-3.496258075429860557e-01,-3.025562302017963390e-01,-5.142864875733378638e-02
1.075160363185093393e-01,-3.968088350821223353e-01,-4.776502129732242488e-03
3.231647129989622114e-01,-7.316706034490987332e-01,3.512323992498479763e-02
5.146916052752351783e-02,-2.669583136868954321e-01,-7.045614279483879139e-04
2.172214587672097741e-01,2.900983261350646436e-01,4.671788678247592447e-02
2.748719427488863776e-01,3.691501658630156474e-02,4.986400344088722653e-02
5.585840038321885359e-01,3.756061549371419450e-01,3.487823926221020332e-01
2.945267101110793928e-01,3.118027026303210048e-01,1.106045096619789544e-02
1.246687601192579542e-02,-3.555528439416427711e-01,-2.810535857851188812e-03
-2.949719455327912132e-01,-2.702524387067636868e-01,2.967403225572570052e-02
4.104613072361212311e-01,1.784750249564379943e-01,-3.513162823642874966e-02
-4.783044226521449005e-01,-1.729625109215609524e-01,2.940825895596623982e-02
4.057796885948882215e-01,1.490836857504311275e-01,-4.464501139978444000e-02
-1.002838672661637842e-02,-8.458470540577260610e-02,4.583833208247642399e-02
2.285567892971859250e-01,1.747031111166742756e-01,1.007639597466327142e-01
-9.439234509409448470e-02,-2.175877757376928345e-01,-8.026855445178757154e-02
2.090030185217372494e-01,2.161737258579535803e-01,-3.152038889328819676e-02
-5.327951568919798708e-01,6.409153974403583032e-01,-2.810661426072875307e-02
4.158907399868205235e-01,6.831277548189136350e-01,1.050766512025704674e-02
3.130703134728547443e-01,3.377271879287769285e-01,1.806463031891569065e-02
4.335933394599432722e-01,2.333793532863399078e-01,-2.005640728871576489e-02
-6.092754438280855167e-01,-4.082691214384613909e-01,6.962228467198781912e-02
-4.636564551240144327e-01,-4.074694267024892569e-01,2.295439667466921824e-02
4.587698271095241309e-01,4.751691607101580228e-01,-1.831771719576141128e-03
4.910743926091209327e-02,-3.046638167560513089e-01,-3.376546086627385534e-02
-4.155178671627605680e-01,-3.050885264110042017e-01,-5.514208451427067559e-02
-4.062180655078019842e-01,-2.113802878771236515e-01,1.206246086301859255e-01
7.122880576075832915e-01,1.460768683037495241e-01,4.306323264080518659e-03
-5.402443180874048068e-01,-2.781730443201325120e-01,-4.150449673551107055e-02
3.641944377526321053e-01,3.154871839018634216e-01,5.126246378203457021e-02
-2.521411567048973887e-02,-1.715198153996983499e-01,2.557531429120157851e-02
5.427220496101877734e-01,2.461271180149790239e-01,7.599779073950978237e-03
3.853694015565990449e-01,-6.891279959078366879e-01,-1.431654034311471285e-03
-4.312407502508698587e-02,-3.183742022923261028e-01,2.144813949823862892e-02
2.134306697401838482e-01,1.292553878562277547e-01,2.519220999202330738e-02
3.869916168208285545e-01,-6.101662399234469847e-01,-9.955369469439557042e-03
5.595545574933264987e-01,5.446655344195652226e-01,1.697282452573826289e-02
3.930568476965967672e-01,-8.319074938494337434e-01,1.821379953566625715e-02
8.617091911759848510e-02,-3.777629001743889048e-01,-4.795074751882145991e-02
-5.658128868296165015e-01,-3.002383926648609647e-01,4.885683044355802751e-02
-3.209654400214492775e-03,-8.143963626921765786e-02,-3.693147177018452770e-02
-2.777334980634552641e-01,-9.552239354020738982e-02,-1.667520592034236332e-02
-2.590091812126753545e-01,-2.226317920810746420e-01,8.443008835324319894e-02
3.607762881789348675e-01,5.922635536335629780e-01,1.226366402255200591e-02
6.906992113625913532e-02,-2.637758442477668164e-02,5.808351432472945441e-02
-5.117415922581075582e-01,-1.965265964542441124e-01,-1.391721669054938465e-02
6.393656685043388466e-01,3.439459264415512529e-01,3.567085933062888459e-02
6.761019178420200060e-01,4.466602466793987425e-01,-1.111542059611522401e-02
-2.506153425986760719e-01,4.107922407554688293e-01,-2.194514622414816402e-02
1.524095444003568112e-01,-2.062949439940237051e-01,-1.100923027787289454e-01
4.722273274435729445e-02,-2.511888909226510647e-01,-4.191628417606464013e-02
4.995497512301297904e-01,4.403880927057725048e-01,-6.255427221162835477e-03
-1.229676961787077027e-01,-4.023392360901358877e-01,-1.526908937097420926e-02
3.141457890025099453e-01,-6.653513928093391927e-01,-1.360436412931373580e-03
-1.243780028250044134e-01,-1.815322203400165368e-01,1.032774253078805604e-01
-2.658360647910438246e-01,-2.924149388343854489e-02,-5.079360616721439320e-03
-1.792879060567243443e-01,2.617822113505893777e-02,-2.504349719774851685e-02
5.259500489746555818e-01,3.559431250417950388e-01,1.869960801838255471e-01
4.387714019563626056e-01,5.228160617964739965e-01,-1.291698789924810437e-02
-3.203252095102969710e-01,-4.525335652107215223e-02,-4.077764885058071664e-02
3.944454386307593707e-01,3.223361133939182666e-01,-1.213298872602173312e-02
-4.706687921138226205e-01,-1.971851233505481082e-01,-4.004700350143097776e-02
5.680123850494247506e-01,3.459589244422744958e-01,6.536348353392737454e-02
-4.169098851096380565e-01,4.739372194797150106e-01,-2.563702089936492623e-02
1.132786426672852120e-02,-1.297690830919105420e-01,1.011080649324213807e-02
-2.342965297786839818e-01,-2.614371736918285616e-01,-3.557536851910140987e-03
-1.786254830895413204e-01,-3.776524034590791890e-01,-7.620962714052288700e-02
2.546386850981330885e-01,1.996290163270783846e-01,-8.333483347399711638e-02
2.476385196168299219e-01,-5.409550982414049747e-01,-1.893105460816864663e-02
-4.704113392456434756e-02,-1.159115736818350090e-01,8.570007573943785872e-02
-5.750144819850091377e-02,-1.026804158275795853e-01,-4.935204592504870147e-02
-5.521736031820243529e-01,2.544929140789173871e-01,-2.127695802634606281e-02
1.100213019220570715e-01,-2.230127058915553073e-01,-4.461848767932470594e-02
-2.749262059345341513e-01,1.235345282148562068e-01,-1.023759414579204496e-01
5.933690385703720427e-01,3.876252764536060602e-01,6.148386227609389798e-02
5.096303695606184403e-02,4.163531148172586877e-03,-6.940528308189150564e-02
2.066541543841321493e-01,-4.803154175102801182e-01,-1.130516207471111111e-02
9.170321323122239410e-02,-2.669693241006032003e-01,-9.294235893867650034e-02
1.591434985097044397e-01,-5.648011325407790162e-01,-1.229232562990652429e-02
6.093165264432562900e-01,3.478285204821991439e-01,3.659388698979588322e-02
-1.619942824203877418e-01,-2.752465538249323496e-01,-2.231492156909661850e-02
5.441738584860856404e-02,-5.367764565508101882e-01,4.371110801445006466e-02
4.455256933827563270e-01,2.740474527542602345e-01,5.978026215401754939e-02
5.603501661179018933e-01,2.687817779916691907e-01,-6.938732444219559981e-04
-3.036974140167523345e-02,-5.909917219343215067e-02,1.096258513049970240e-01
-4.155131671841517660e-01,-9.408816197128792858e-04,-8.802412967243891662e-03
4.012251882717153828e-01,3.790260154548547589e-01,-2.245063319613374922e-02
1.890584636512791517e-01,-4.903198739914863546e-01,-7.828168109512835537e-02
-1.782570735052476651e-01,-2.002383936083738936e-01,-3.740458568469706702e-02
-3.633942238093959554e-01,-1.436410568766674223e-01,8.298203215262633936e-02
-6.382503626017022036e-01,-3.770018489374792336e-01,-2.046773741015695675e-02
-3.580974183568617075e-01,3.080418922162230788e-01,-2.066079085415356564e-02
6.531867905422191756e-01,2.840231782118080028e-01,-2.040850485706076356e-03
2.459213999873594569e-01,2.458081630593988154e-01,-1.338862247605959038e-02
-4.450767669982583774e-01,-3.606901627083018980e-01,8.349250698014219763e-02
-3.490700304927446540e-01,-3.255220246008065366e-01,-2.345498649370064692e-02
-1.882549416513752960e-01,1.890849699051226074e-01,-9.068667202350239043e-02
1.903767892510069559e-01,-5.547490546310387405e-01,1.651683764819988909e-02
4.869342805908538629e-01,4.025228400684390806e-01,4.240040221758097083e-02
1.203206807496428055e-01,-4.064669932985449652e-01,-3.658768969727670128e-02
-3.757403119722237950e-01,-3.443523646756105339e-01,-5.280395087533514692e-02
-5.563198728314738828e-01,-3.680073976963079141e-01,-4.610476155919598917e-02
-4.043165957820132883e-01,-1.205278403113013153e-01,-2.070510242571008477e-02
8.401696333634457725e-02,-2.595481020213737944e-01,-1.027854159695169023e-01
-7.129929051920621541e-01,-4.399803401182393880e-01,-4.702999398557992927e-02
3.350147943977234144e-01,1.825226642352099360e-01,5.160668442090599051e-02
2.645863724917065785e-01,2.582508216634221698e-01,3.344808145080437750e-02
4.600118892223558631e-01,3.265900424698100490e-01,2.484779728728977177e-01
-6.385735193339671101e-01,-3.236396218367290079e-01,-4.390336859729223468e-03
5.196290852230581181e-02,-5.801543927824451830e-01,1.120796839339713476e-02
2.124269706188705586e-01,1.157432417737309649e-01,1.033683560945463792e-01
2.603133169978678538e-02,-8.963407109085613778e-02,-5.022322919146392228e-02
1.407019976042494791e-01,-5.671171237085224082e-01,-5.575641748193265607e-02
3.368951233742974449e-01,1.985727836628828902e-01,-5.848652448463821651e-02
-7.655438952014139709e-01,-4.360453746849188850e-01,-5.367357245460441934e-02
4.481496802339364205e-01,4.082535325311582031e-01,-3.605578691659868523e-02
6.727598312046785267e-01,2.629554877921776446e-01,4.082287746981539539e-03
9.794602892890945378e-02,-2.275297578387943664e-01,-9.628613532668645059e-02
-4.558071069758262706e-01,-4.046952707668028948e-01,5.624087129853552053e-02
3.050814741332977809e-01,3.318199986183237304e-01,3.156358253810753745e-02
2.295046610621155891e-01,1.738248057568730076e-01,-7.168844366468006546e-02
-2.317110132279919521e-01,-3.813740383514980792e-01,-2.573178028969745970e-02
-6.562456316741850371e-01,-3.750591609176573415e-01,-5.063238130679105498e-02
-2.529579092854885580e-01,1.575623856133739065e-01,-9.233780565645050009e-02
7.670382823877175404e-01,2.263181442369182061e-01,4.501412862908801479e-03
-1.956173946022922994e-01,3.062136277227725523e-01,-2.760848202386590941e-02
-5.704365904301526152e-02,-7.896957127735533544e-03,-8.203725508509215891e-02
4.611030408682998405e-01,4.661094645105937628e-01,5.271773497739870584e-02
-4.596716358995638352e-01,6.159799285352865472e-02,-1.476744513504828042e-02
-6.361612782354879314e-02,1.631430978453150826e-02,1.168582480057276107e-01
7.811787447329064937e-01,1.327545614451853817e-01,1.594182772688525901e-02
1.495148586660122736e-01,1.550938981039791387e-01,6.271099784054817716e-02
-3.769536605462850409e-01,3.658811736588685748e-01,-1.775945980658656317e-02
8.959073022460861679e-02,-1.780798122332402644e-01,-1.696421428611078752e-01
4.089510071784666634e-01,1.683773884738421767e-01,4.110241100088288246e-02
1.141298719652371341e-01,-3.009089479614601159e-01,-4.331836140260392209e-02
2.460413852233400145e-01,2.308821231789123241e-01,-4.892440264485418966e-02
2.850973021471163715e-01,2.212596737931885049e-01,1.316568017406601621e-01
4.474919780202064185e-02,3.994413227108717726e-03,1.052743894243871325e-01
-2.376655746118861157e-01,1.489263300333423246e-01,-1.216040287896141686e-01
4.794088143700012128e-01,6.491317088339234598e-01,2.813592289979460065e-02
2.322991371263624372e-01,2.652442626330592246e-01,-3.002977705754382096e-02
-4.427852227163706633e-01,-1.611879564860687897e-01,9.686235393627076751e-03
5.846948340581880482e-02,-3.031859346488681717e-01,-5.168520338217173771e-02
1.868789829540186964e-01,-1.544256050796695701e-01,-3.210233748425946748e-02
-1.026668742068262280e-01,-4.169900556280444204e-01,-4.662343907354730976e-02
3.146616350257105954e-01,3.264023642476639453e-01,8.804147867509505565e-02
-4.472202818796692791e-01,3.971993934531187209e-02,-1.871789997044012721e-02
3.731812399985137141e-01,3.185641491242878764e-01,-9.413920979281027029e-03
-5.329267461338930284e-02,6.658951214935981099e-03,1.013722468173674646e-01
-3.110325090321328645e-01,3.475262236602175148e-01,1.638043436657085627e-02
-6.573533299983859157e-01,-4.159200169455083418e-01,4.899430134559046301e-02
-4.419138546886182128e-01,5.037082788736013672e-01,-2.497603749132324552e-02
-3.380670496511768014e-02,6.278465541175314024e-02,-3.717712063515495047e-02
5.995743363803748283e-01,4.365271048360814254e-01,2.282185406583094600e-01
5.413158306758696359e-01,3.714733395254620207e-01,1.183042856454619152e-01
-4.258841462572640069e-01,-5.440844776890232937e-02,-1.305881563553143443e-02
-6.130673260289829507e-01,-4.120782697931972827e-01,-4.482902972289647819e-02
-2.887113253704541305e-01,-2.439390686629330507e-01,-5.555024639320453594e-02
-3.268426833005773635e-01,4.381156923328546338e-01,-2.544083565129342736e-02
-4.201062533572194058e-01,8.331634919314857834e-02,-1.929772514757990137e-02
5.402024675011899424e-01,3.653721899282792451e-01,2.555288118447275880e-01
-1.817568184297926603e-01,2.958614564231575317e-01,-3.523501576075166453e-02
1.400463484956528115e-01,2.054076148226023635e-01,3.944885361170524102e-02
2.782950016935906157e-01,2.781273276808177708e-01,1.016848651688259109e-01
4.958007194924976546e-01,3.905154922243531113e-01,4.150573559933441736e-02
-5.418289726119774885e-01,2.019955880113151747e-01,3.108352264081186596e-03
-3.647422664028971973e-01,3.285456407394339862e-01,-7.008209351185730462e-02
4.374311968117390315e-01,2.165356853479121213e-01,-1.738203846267150771e-02
-1.817212935159638609e-01,-4.253031602374476861e-01,-9.832085373485138780e-02
-1.818195414421003853e-01,1.960129781395704984e-01,-1.961301887989365944e-01
-4.492072369228589102e-01,3.895178417391615411e-01,-7.571856564861602357e-02
1.887510498118495084e-01,1.935013624188483550e-01,1.022226495838709642e-01
4.250686530618205117e-01,3.934379389400782800e-01,-8.787490890032608609e-03
3.181234271297590510e-01,-5.980823315611256685e-01,-2.060857270512517908e-02
5.065473277772345462e-01,3.899733207912612354e-01,1.720248982343264010e-01
-3.962787181812203741e-02,-1.023072002223038290e-01,-2.633358118742504944e-02
5.342050001067401022e-01,2.503228618750813483e-01,5.371746501009635848e-03
-1.182520972311926211e-01,-1.807773411884151527e-01,-2.220908885355003110e-02
-3.254044243599377717e-01,4.146852996466823260e-01,-3.546693673463449659e-02
-5.049932617116574818e-01,3.152019291781146815e-01,2.887712211392722689e-02
-3.165308070660187711e-01,1.249858237228423097e-01,-6.784127175027379608e-02
-2.352096723176177739e-01,-1.938878457673833267e-01,-9.809674250969246945e-02
3.707063199302559342e-01,2.686878343024599602e-01,-7.300637994196013114e-02
1.156769101142417489e-01,2.190455207218272582e-02,-5.365230608655794514e-03
6.065546057539814573e-01,5.065103982700799312e-01,2.595679417872388123e-02
4.603153787931459906e-01,3.728702390758435459e-01,2.320574595016062364e-02
-3.556179785461253129e-01,-2.563645667236592596e-01,1.146449965785243386e-01
-8.075216690943473608e-02,-3.086344931999630559e-01,-1.187463331074462003e-01
-4.252879298383812068e-01,-3.381712227737909693e-01,-8.103170557358729820e-02
-5.001299282284489278e-01,2.583601519999326190e-01,4.167526646313680916e-03
-2.039056848731107818e-01,1.857082616312273615e-01,-1.606375526085092875e-01
1.773032038271006028e-01,1.308951633435426198e-01,8.828566242315809276e-02
-4.739919189292246537e-01,-2.391332875770269539e-01,1.349148496674092840e-02
-2.303610931893883829e-01,-6.970392111407362756e-02,-6.460748331627630403e-02
-4.154933638494893722e-01,3.303507088340542075e-01,-6.474037210631913841e-02
3.046112874346036392e-01,2.945154771993177545e-01,-4.392997413640226806e-02
1.863780031335411647e-01,1.758990005784272781e-01,-8.728650322043624010e-02
2.530760068074883740e-01,2.698438681609700018e-01,1.955413810000946120e-02
1.357005954849489077e-03,-5.398939665372787244e-01,-3.443717741738922672e-03
-3.643393463577701552e-01,3.802356026626034780e-01,-5.727718129300118227e-02
-4.369583538422109337e-01,4.500914638568751514e-01,-1.429728273459711721e-02
-2.089718385763005559e-01,-1.040327304273013370e-01,-8.533365654443511583e-02
-5.019456887738105166e-01,2.313844608584554874e-01,-7.466482175452346381e-02
1.517387241875174098e-01,-1.861641840416079774e-01,-1.491924335052938894e-03
6.300547892933780481e-02,-2.600466957228129705e-01,-5.388014536373433166e-02
3.077215040323122083e-02,-5.210094819936391536e-02,8.770068961366683791e-02
-2.162822767585911299e-01,-4.049005560097548168e-02,-6.042697005921894571e-02
4.519595757794127588e-01,3.400141249510796326e-01,5.260722240603306343e-02
5.330518441167805266e-01,3.679849102216633527e-01,1.873423092580914218e-01
5.524098548409490661e-01,3.320217195454503445e-01,-2.660057313527591089e-02
2.911519846609476048e-01,2.276496091145876755e-01,-9.901387103861258865e-02
9.981211675283391260e-02,1.734698728634063436e-01,-2.650250088517360630e-02
-4.195552237906696735e-02,-1.615613652100642283e-01,-5.259422765993455873e-02
-5.383210685057190359e-01,2.571038210280992553e-01,1.661806010362030378e-02
-2.664345112113317149e-03,-2.800465926275148149e-02,-6.965699267734183631e-02
5.334792234786098764e-01,3.940359359461182986e-01,1.811001174391773660e-01
5.004090815909718604e-01,3.900805654659673660e-01,-1.951490456077603630e-02
-3.792196125962941644e-01,9.894904814803755222e-02,-3.560297439570758726e-03
2.376334390644962713e-01,2.003498130938584643e-01,4.987368596226733619e-02
6.651285450618444894e-01,4.437740931709963088e-01,-1.321270121934005858e-02
-3.553821928720691248e-01,-1.668431114751902644e-01,1.272677377172463931e-01
-5.048203395023586060e-01,2.400140127735355677e-01,-3.633939932490291846e-02
-6.162295136325764977e-01,7.264378657370073045e-01,6.374460918328252179e-03
-5.721266923832355467e-01,-2.693464755898073992e-01,-3.275945547323300122e-02
-1.871429879577431177e-01,1.544431141057770462e-01,-2.685097461869204172e-02
3.616250460290840740e-01,1.994334955339714388e-01,-1.062467041722360839e-01
-2.537556478086192557e-01,-2.637958489898505898e-01,-6.715666002317605132e-02
3.278952684458811828e-01,2.256525011656887458e-01,1.356720008139606637e-01
-5.649256556852797484e-01,3.018631528417363152e-01,1.216083970527900501e-02
2.298135469970690251e-02,-3.967429762711950914e-01,-5.338992770315409420e-02
-5.150837096507949742e-01,-3.003636970977982545e-01,-6.063534637520458931e-02
2.019157842688806132e-02,-7.926772568239631028e-03,1.230038277257934076e-01
5.606279839384824965e-02,-2.064400365026903827e-01,-1.271641196463723922e-01
-1.559761443768030442e-01,2.319295144073436066e-01,2.146300454171126693e-02
4.624334532600113401e-01,-9.173067412281449284e-01,-3.545819681524355754e-02
-5.262697774615084922e-01,3.937919491567050123e-01,-4.778270051819877989e-02
-6.374017496450139486e-01,7.905259929389847340e-01,-1.244774864773939664e-02
4.365894401743566910e-02,-4.573776791831757338e-01,-2.034313246023871855e-02
-2.550360252612365319e-01,2.566123574301196197e-01,-3.651225855462592040e-02
8.145339700599718569e-02,-2.513347244927015001e-01,-1.172347127504392572e-01
-3.518869178290948141e-01,4.468336868933598938e-01,-3.028626774677364505e-02
2.973246414180752972e-01,-6.658917844000120656e-01,-1.218764139816547881e-02
6.164637060048425710e-01,4.554279202676732585e-01,3.133792036696620570e-02
-3.838687930985007490e-01,-1.644043104731016114e-01,4.432873069925531012e-03
1.523220257673946199e-01,-4.628406289731600287e-01,-1.958282111409455351e-02
-1.531189550967619606e-01,-1.718274401365016413e-01,6.494800570221340164e-02
6.586188851731442639e-01,4.345722650772867457e-01,2.780192101904132435e-02
-5.682025815461401175e-01,-3.770114410969783725e-01,8.779959623613974029e-02
1.013611015398844656e-01,-1.012180892896668849e-01,-4.660805635587343676e-02
5.929320640876715176e-01,4.232531794855257101e-01,2.134972229906439700e-01
-7.882800976066815790e-02,-2.934804351887581597e-01,2.788036185176747880e-02
4.906936643498163164e-01,-8.347118980019576640e-01,-3.862058919208839064e-03
6.547183828778910808e-01,4.459005928881686343e-01,-1.436013323950778922e-02
-3.033738199118717407e-02,-2.803711218781752557e-01,-5.171048153680652543e-02
-4.910499258780482990e-01,3.328941305230674885e-01,2.801969350055670549e-02
-5.593310767158117258e-01,2.615140609208409517e-01,7.337985104860739183e-02
-2.575064326652544144e-01,1.129216527190611413e-01,-1.107516198376208016e-01
-7.047413312254565687e-01,-5.409635468740423558e-01,-5.441891514037146965e-02
-2.593356329921375769e-01,-5.347020028654167478e-02,1.846618670559018252e-02
3.345694076605528200e-01,7.085537508705418430e-01,1.365550437364057741e-02
-2.656411035753890315e-03,-5.930706413317812786e-02,-2.640310850019830444e-02
-5.005967591609876699e-01,2.974190757936898688e-01,-1.925333192093152401e-02
-4.969676741659059815e-01,3.939423713370021063e-01,-2.749145538992653348e-02
-4.740082377585329576e-01,-1.740100829502267549e-02,-1.226644367451027312e-01
-5.003860821665506720e-01,2.514130615626087306e-01,2.410069428707945632e-02
-2.761881936829346795e-01,4.056813154207364325e-01,-2.795291084048475913e-02
6.408573514486214096e-02,-5.475221739166249435e-01,-3.298874244047038384e-02
-4.754137806060012572e-01,2.375461282444988886e-01,7.402451027931366417e-03
-1.245524376387280585e-01,-3.945867302582644065e-01,-4.676118245486841907e-02
1.194364785766200698e-01,-5.779733090070628965e-01,-3.068759208486818504e-02
6.210612280770545501e-01,4.805892505825873351e-01,-1.415918665681013301e-02
7.255201145954849329e-01,1.654929901975533690e-01,1.503429914405267180e-02
-1.195485305795480069e-01,-9.539627056792060467e-02,1.392065679451200411e-01
2.498707035068451765e-01,-5.727532831558175275e-01,-9.667845685502267361e-03
1.560355243507665635e-01,-2.218805461564031245e-01,-7.833819748268984473e-02
-2.953904009004348352e-01,-2.307261906548256081e-01,1.270400596493346801e-01
4.893886574296304470e-01,3.211397936763916716e-01,4.172224379556262186e-02
-4.283213299524879503e-01,-3.867795825755419581e-01,7.146411501038414660e-02
-5.612564308339962338e-01,-4.651434249159470125e-01,1.612368559519759825e-02
-1.744316511727521390e-01,-1.820007446394124873e-01,-2.821957618153700387e-02
3.972789409712250142e-01,1.419412864881441916e-01,3.218426058986736255e-02
-2.564681021054552312e-01,7.620962576142187306e-02,6.632290319672581695e-03
6.843836131264872114e-01,1.214034966779613950e-01,8.909731577620524923e-03
4.267605088623872556e-01,1.911907728190822553e-01,3.482611302107256612e-02
2.081399755756054848e-01,2.405973923151694116e-01,3.518637839092886993e-02
1.503531834759628816e-01,1.897139492492749269e-01,4.459043772939145361e-02
3.934961997043315285e-01,6.757773523315925290e-01,2.971305062813613118e-02
-4.263546751984512162e-01,2.686272862660698535e-01,2.523397041739984872e-02
6.221373940160286331e-01,3.752011615521368415e-01,2.632400467193234464e-02
8.437849924021410819e-02,-1.078435602652173253e-01,-3.468149397396308453e-02
5.162219027079314460e-01,3.586903982121161794e-01,3.109198672419073994e-01
-4.270699253198794593e-02,-1.095672550166439385e-01,-7.223404304804072196e-02
-2.831313532377061626e-01,2.224980411445366679e-01,1.595700131824876258e-02
4.417416444748732685e-02,-4.236797538005976360e-01,-5.150246464878998828e-03
-2.518541952954851948e-01,-8.748727816777386590e-02,-5.165621659979550279e-02
6.875793235998324260e-01,1.037108156424228211e-01,1.440429381509568917e-02
-5.257222846717346521e-01,-3.989392844899239954e-01,-4.411572163738320534e-03
4.460231749094811238e-01,-8.598717878852876195e-01,7.449883872058742085e-03
1.038048711842284311e-01,1.398452773040945694e-02,9.502681172333578286e-02
4.954735469487435706e-01,-7.513274428687812811e-01,1.836738129919711013e-02
-2.326513742696063869e-02,-4.986927738938304322e-02,1.022856444634518136e-01
8.175648954009112623e-02,-2.739884952258703210e-01,-1.440148856697556490e-01
-3.800038891074702940e-01,3.758247402634962708e-01,-3.224707035992556425e-02
4.472331321469050214e-01,-7.156938362901102968e-01,-2.290203320924603936e-02
-5.464300736950022941e-01,-3.092223031860574789e-01,-1.091314877459261812e-01
-5.909369203332819342e-01,-4.175873051327484431e-01,-4.953513058055426105e-02
2.179658319048978499e-02,-2.421281122006848363e-01,-3.722389688085781662e-02
-6.677230361059589836e-02,1.058303269536832875e-01,4.753858176302657584e-02
4.446383709086593194e-01,2.681096327803903501e-01,1.177802027701531223e-01
-3.924379921391656922e-01,4.304760506667443254e-01,-1.525982047920803643e-02
2.832373476883394137e-01,-4.182388706902547826e-01,1.866665897494215742e-02
4.383768155989676840e-01,6.596250093493426503e-01,-2.627449244833084813e-03
6.040223344460240451e-01,2.960618325381368932e-01,-1.271456347618053415e-02
-9.508475712720307338e-02,-3.414615049197973207e-01,-3.429844311495597320e-02
3.539347263275401945e-01,-5.984143139078076379e-01,-3.357688810821754521e-03
-6.946726177761266552e-01,-4.403299826736454814e-01,-8.561896320712027511e-03
1.287811742090758799e-02,-5.768431694854003755e-01,3.480313737816417841e-02
1.369626234525023190e-01,-4.770350340964923941e-01,3.218253777662674620e-02
2.870571001755814478e-01,-3.463925905496443858e-01,-1.557209156425587437e-02
2.494533883856056566e-02,-2.045367947901461647e-01,-3.486785645524535793e-02
-8.753078006046031978e-02,-1.332327180419136392e-01,-9.852851140314752842e-02
-3.193774894084964178e-01,6.745690429345105321e-02,4.689792069618820003e-02
-6.745429400153889476e-01,-4.185041582105271663e-01,1.330028434592502549e-02
1.051478686549648794e-01,1.556900384770618373e-01,-2.630853760636502059e-02
1.427171981808366963e-01,2.788999163298077483e-02,1.238140427782233877e-01
-1.723885769627861164e-01,-3.102751605133927809e-02,9.530074278207466276e-02
1.164379769121790809e-01,-1.954227447463006140e-01,-1.037205069736863439e-01
5.278608628558987270e-01,3.304685760218854518e-01,6.899887771625408395e-02
2.810563072851346433e-02,-2.807560930495305307e-01,2.759311743218970450e-02
2.649842872234621782e-01,5.071018020179585140e-02,-4.221881096129566358e-02
-4.807605084716325972e-01,-2.443093873569850694e-01,-2.990256371921756751e-02
-5.385849513037831438e-01,2.501251161392159528e-01,-5.023162230588566757e-02
-2.494623631800945152e-01,-2.259341268085234833e-01,9.490148900293252088e-02
-4.657190594345312906e-01,-2.563795057724355120e-01,1.077566931891163760e-01
-4.903805433471057351e-01,-3.078619998468459795e-01,-1.052544201374209926e-01
5.905392741779552646e-01,4.162088358815414502e-01,2.720225517563844564e-01
-4.164182532158045569e-01,-4.787719567453311426e-02,-3.661968061444923622e-03
-2.635520016042502411e-01,-8.455731846898034698e-02,-3.750326057830447729e-02
9.350538097616422142e-04,1.575922298561841794e-01,-2.995783258180815742e-02
3.976709256733361730e-01,3.295269502701377862e-01,-5.303444407339592825e-02
-1.718344457707983441e-01,1.253212511238764593e-01,-3.553593610821112470e-02
-7.119810157465193967e-01,-4.957608280343456797e-01,-3.178761816573359711e-02
-1.916878499009369297e-01,8.150277566633806758e-02,-3.269879936639752405e-02
6.110793849205241601e-01,4.125379839590768705e-01,2.962990113953082871e-01
-2.070019746789679427e-02,7.868252029528340769e-03,-5.818182100197678147e-02
3.235366080158948998e-01,-6.842345495061659122e-01,-9.432024565401922120e-03
1.507397705824060907e-01,1.971710926484331605e-01,1.459215796657291342e-02
3.457200148115390226e-01,2.693650491987381601e-01,-7.058769032658324116e-02
3.802623209658722025e-01,2.708228607398318610e-01,-8.008215851046153466e-02
-3.366367329467800373e-01,3.237683291498162919e-01,-4.201914880313878387e-02
3.688033106205378941e-01,7.485511742755065479e-01,7.935128701493109754e-03
-4.912768442313384942e-01,2.375776222511057356e-01,-4.809039737241697227e-02
-2.409722570393957319e-04,8.157708806154272130e-02,8.966587813276991059e-02
-4.557509562471732251e-02,-7.758505215350031126e-02,-2.653976233436364934e-02
-5.581056181179423481e-01,-3.259203473028979836e-01,-7.948695233581813679e-02
-3.472713913862157664e-01,5.517893675858167590e-01,1.310486315719703795e-02
5.544757284601691261e-01,4.237743086554848770e-01,-1.336967204153714263e-02
-6.428536017740824615e-01,-3.251397072693080759e-01,2.656809465931004276e-03
7.517886568365322875e-01,1.379396777398024521e-01,2.092002160703614402e-03
-4.646850248977832942e-01,-2.349903343710117443e-01,5.333686894072297430e-02
2.717883598403417755e-01,1.404062164006274760e-01,-9.831914537180704017e-02
5.974116175860920697e-01,3.810152056963230782e-01,2.506242617231312364e-01
-5.028280988810152063e-01,5.337513907209120445e-01,-4.438792705887333739e-02
3.524909105045033186e-01,2.747791407218849180e-01,9.239840298493628978e-02
6.210524365455961648e-01,4.244774667067560681e-01,-9.886122692210612406e-03
-3.497771922668591049e-01,-1.591638374793809263e-01,1.392795314192440681e-01
1.458456464234200445e-01,2.319045449093271594e-01,4.431856351702150032e-02
-3.006219958997989328e-01,1.033208123340550871e-01,-7.126203276850343049e-02
4.606189564290821825e-01,-7.444095093864707691e-01,-4.865968278287862575e-02
3.630895184529875364e-01,6.071959128667557826e-01,-5.980800336793542366e-03
-1.368292841187807585e-01,-4.108355475305913163e-01,-4.691200537357161082e-02
3.248520098178104276e-01,2.925232042281778466e-01,9.386449423649695367e-02
4.322583550802670538e-01,3.506545277623188683e-01,1.032291881177982429e-01
1.221252131223224124e-01,1.598320189470934238e-01,9.454193406012011136e-02
-1.120364129884790505e-01,-4.492749936971982688e-02,-7.155871979274561201e-02
-1.780827611551615008e-01,-2.515041426002023184e-01,-4.577738765039553182e-02
-1.489897287557242211e-01,-3.688013673434566986e-01,-5.742450774188177093e-02
5.944713890096712250e-01,3.440776064889883856e-01,1.388295308284930030e-03
-1.115437172237765395e-01,2.468104231759257472e-01,-5.744746253214107895e-02
-2.680138059438772480e-01,7.671743906838024429e-02,-3.359142797612334197e-02
-2.822788270042060343e-01,-2.574954866651218977e-01,-5.309764240636265925e-02
1.361394012442931900e-02,9.667010910961108816e-02,-4.370010942795835018e-02
1.523600653260965276e-01,-1.439866419437635658e-01,-5.537512498994363180e-02
6.287972432230287678e-02,-2.859817864844998447e-01,-2.493042536505718151e-02
-4.235860597157921625e-01,-3.384839363231139098e-01,-5.538202497600981655e-02
3.492808317362272597e-01,-5.408192425384616975e-01,1.887528657552650993e-02
-1.360967084802071347e-01,-2.967808894720849189e-01,-5.294914180828737271e-02
-6.717228055434385503e-01,-4.144441736713472824e-01,1.068353474293556177e-02
-4.058438464336902585e-01,-3.911994371705444506e-01,-1.324186351142553689e-02
1.083802584568861471e-01,-2.330075184056817628e-01,-7.813308492658431470e-02
-1.014276153967983429e-01,-2.689561658234249641e-01,-3.905377113730983119e-02
1.094978466609366624e-01,-4.599608157074600023e-01,-3.774998419024651677e-03
-1.649002391773221610e-01,1.853353764513902546e-01,-3.239611444947101265e-02
4.911523509158518541e-01,6.188604541761102418e-01,4.690241963475653975e-02
-5.474407310734681342e-01,6.538687471519601946e-01,-5.356267909530471050e-02
-4.493442445046013645e-01,-1.886999165134677081e-01,6.189008799858530113e-02
-1.402487693812486114e-02,-3.611985088792195597e-01,-8.978434902632820291e-02
5.294937611608314665e-01,3.409833560978415834e-01,2.506159943425249614e-01
6.159283622880343811e-01,4.325850440213428461e-01,3.711316460324734501e-01
-2.958061420745277670e-01,1.160483273150392514e-01,-8.372608563197229958e-02
2.817524783476065692e-02,-2.625200775301698708e-01,4.312539882004320924e-03
-5.291289953731977830e-02,4.974165168890391786e-02,4.410670422709810079e-02
5.324956627470018439e-02,-5.927841329894032452e-01,1.742891703046982321e-02
1.726329452739210624e-01,2.861844572502134643e-01,4.354336365359678940e-02
5.857853670427015658e-01,2.466656141099621835e-01,-2.339482093416168570e-02
4.706966197774554161e-01,4.004718665834974267e-01,-2.804438759140126525e-02
-2.845685185395412375e-01,1.333105963244420045e-01,-2.240683289599826322e-02
4.719062226865745613e-01,5.648200044621765059e-01,-2.201610973588992090e-02
4.953538860365112040e-01,4.362790053209268937e-01,3.504427037630864633e-02
-5.625155736579137145e-01,-3.118657120390229132e-01,-3.508603171436427970e-02
-1.149075715605265002e-01,-3.446695453894934591e-01,3.321487845980332365e-02
3.754933505436908181e-01,1.742712063871772743e-01,-4.377582092614471648e-02
-2.532023254664123035e-02,3.313893703067233992e-02,-4.095703601947420919e-02
-2.711290288094510004e-01,2.631563988418008648e-01,-1.711055261078363310e-03
3.615364354391971402e-02,-2.904789634652042429e-01,1.135257357290644920e-02
-5.729982429785326348e-01,-3.256939369577722121e-01,-5.860172161225249421e-02
4.659883703437372460e-01,2.278549545880302618e-01,6.360703765517321251e-02
-6.023503700724621712e-01,-3.966077401272751768e-01,-4.870957522577849114e-02
-5.881226332896201114e-01,-4.226346046324953587e-01,5.893606376907609135e-02
-4.415421308874244999e-01,-1.874683125135416240e-01,1.427679044429182656e-02
-9.303600026160947778e-02,-2.889397526604902677e-01,-5.747408960075740814e-02
4.968509876756041499e-01,3.856522482359075465e-01,5.754268496461711901e-02
1.463879713006315808e-01,1.211362041873293161e-01,-7.104006371221367744e-02
-4.527630566386151023e-01,2.736076339692139481e-01,1.472704207697851653e-02
-1.701743368289408975e-01,1.555392129663858702e-01,-4.748089112048290567e-02
-2.754397829411443510e-01,3.750455741238842844e-01,-3.524227936783989185e-02
3.966703982778689297e-01,2.015023266702088423e-01,9.347658683701327853e-02
-2.430651775282114679e-01,2.092969090265578702e-01,-1.727528359066197172e-01
1.248826291541807604e-01,1.674977210092221391e-01,-5.446225654408093364e-02
2.423470569299638055e-01,1.864772383353103524e-01,-6.107272822391875827e-02
8.321390994568533817e-02,-1.877634437462280259e-01,-2.364196559372438999e-02
2.464813304601882749e-01,-3.938717796475187383e-01,-1.651723258369841574e-02
4.296037330736756643e-01,2.168814120382299981e-01,-5.258718645514012802e-03
3.384146228773574072e-01,-5.256420647819017855e-01,-2.356757730859933286e-02
-2.031013059057898695e-01,1.667144712815117891e-01,-1.499497239288830053e-01
-5.612590624841190534e-01,6.935826546332946041e-01,-1.343824966928685791e-02
-9.289510404663421650e-02,5.248287975188464793e-02,-4.931686153193663019e-02
3.091859390734914004e-01,3.059918079296979898e-01,-5.394205402587934350e-02
1.182838546173849426e-01,1.650688462719549776e-01,8.485895172641680362e-02
4.854651788324224060e-02,-4.003678872190437332e-02,-8.064982392148521695e-02
1.389793190820462210e-01,1.461553341748186574e-01,-5.411923001239411779e-02
4.010799874591963743e-02,-5.736152110144154825e-01,7.061462237425028543e-03
7.600871683734493345e-02,-5.037337380696927935e-01,-1.035396956479918279e-01
4.690785778358930180e-01,3.971858290527436330e-01,8.080813738846609473e-02
-6.566804337463280072e-01,-4.092987150678936703e-01,9.525700932086404379e-03
4.846268397309311249e-02,-2.379786143436355139e-01,-1.821703375959598248e-01
-9.001195700584657677e-02,5.574450667377445906e-02,-3.745035961919897238e-02
6.283667620862323777e-02,-2.067227465108313345e-01,-4.036747771216198793e-02
-4.640943854532478263e-01,3.881095603772946045e-01,2.773316404204367175e-02
-3.207300541500700541e-01,-2.428039636959559433e-01,7.566716264125795954e-02
-1.617775908086079573e-01,-4.840802728520583464e-01,-5.032260494970286491e-02
1.384115318184094279e-01,-2.546240536929942344e-01,-1.493446160619769647e-01
-6.305561727890716117e-01,-4.412010715925818727e-01,4.614712938795560021e-02
2.679076037931065746e-01,1.184047545590476841e-01,6.978697460529902086e-02
-2.939473301604371702e-01,-2.263553815281743042e-01,-6.869229783464564365e-02
1.132006973957686846e-01,1.853526516037939387e-01,-3.989156890677187511e-02
2.641798824515155242e-01,-4.780026990964728051e-01,-3.430543394381584121e-02
3.749542951051823003e-01,3.114538155343511416e-01,-4.214594163968597706e-02
2.014400537063299190e-01,1.663415431744874051e-01,-8.218993584708741973e-02
4.923896159684638674e-01,2.600640740131623940e-01,-6.695308087541391312e-03
1.893991345286917191e-02,-1.013563027078167172e-01,-3.098555803995722488e-02
-5.824186251560465877e-01,-4.084266876152899406e-01,-4.345119148824384825e-02
-1.299450382436810880e-01,-3.889173169909480032e-01,-2.234693335914895301e-02
4.522740837090395982e-01,6.531484427598939213e-01,-2.681244232796697879e-05
-1.161681366891136602e-01,-1.159744392188331863e-01,-5.659882740393243350e-02
5.404690184950819432e-02,1.768618972171802917e-01,2.865791237954627702e-03
-3.142041276946999639e-01,-1.019101481230901690e-01,-2.666148452394829366e-02
1.561210339229373578e-01,2.158828892909687991e-01,-2.071476121621307689e-03
-4.909580518250123427e-01,-2.176450541588680621e-01,6.358512614743724867e-02
2.551085882043855890e-01,-3.590392786122231783e-01,-8.433111468271706213e-03
2.697821947482857419e-01,-3.735668351564964129e-01,5.797034634552628712e-03
-1.083858774928968399e-01,3.994798169394375709e-02,-1.967976088458528103e-02
5.611881499976038024e-01,2.755306915888637298e-01,8.731003270783356876e-03
-1.310473535976978687e-01,1.210711390424808881e-01,-3.493141072017087040e-02
4.614618912519721783e-01,6.143434245933037108e-01,2.787022752630891748e-02
-1.453194457141222806e-01,8.479411242264270343e-03,-4.240359991291466069e-02
-4.910562097017630023e-01,2.607737682957854686e-01,-4.020606388118273117e-03
-3.864689598776414603e-01,3.558545518371578620e-01,-2.848494484257770715e-02
2.255097292646328078e-01,7.999464002394934825e-02,2.351096811361046493e-02
-7.785611961638083667e-02,-3.704845522101470751e-02,-2.702327918778879567e-02
-1.077811991086955884e-01,-1.044447567689400433e-02,8.474821086788397739e-02
3.105807700746107125e-01,-3.656414755121204507e-01,-8.941952276095248286e-02
1.621917050132599125e-01,1.912026238147460644e-01,6.661794215663086050e-02
-2.165534085606030112e-01,-2.170962075529236923e-01,-5.043505515252327126e-02
-2.160040984210179205e-01,2.040661431193660225e-01,-4.334938580348750292e-02
-5.373354671753489686e-01,6.067330355111200113e-01,-4.903949633278513465e-02
-2.611504062500583090e-01,4.241490825786894958e-01,-7.270450802333378038e-02
-3.193837024583807693e-01,-1.957805636670256755e-01,1.392154196169304303e-01
3.629226364145564099e-01,6.777023803978269312e-01,-1.879995436570749273e-02
1.096881852570902316e-01,-5.346671097682721419e-01,2.749374795957671216e-02
-5.330999913050483707e-01,2.469163575920997611e-01,2.795692374719149428e-02
6.123148898679969115e-02,-2.060781486927371342e-01,-3.401645162535119754e-02
-2.898443809295002671e-01,-2.300912834750488134e-01,1.160024751354905154e-01
-2.141943845516624742e-02,-4.006890873494337590e-01,-5.286067456770741912e-02
7.379398077411769563e-01,1.219267770068089285e-01,3.268466506582028835e-02
-5.194944700699392071e-01,6.338114681829462582e-02,-5.643075087290867764e-02
3.126240032422473170e-01,3.096197701010969250e-01,2.702337875688934354e-02
3.534076762858799348e-01,3.012610993136276005e-01,6.731361743120241325e-02
5.637663668783667870e-01,3.677489462712225654e-01,-4.508089293850486151e-02
3.072651931539682191e-01,1.247827775537020956e-01,3.450636623197106401e-02
-2.297770988011112181e-01,-1.882667047960575879e-01,-5.134437785412412913e-02
-2.746919151564327158e-02,-1.707817506273852648e-01,-6.783296326110033192e-02
3.566376477070289930e-01,5.344225974315375272e-01,9.699794023371618307e-03
-3.346026231455804800e-01,8.332249006954375870e-02,3.904215243959118647e-02
-2.908353203850456703e-01,3.356191545189203818e-01,-4.660988402178803391e-02
5.108863398874821105e-01,2.380870528218196613e-01,8.430064796054953513e-02
6.760702986519229185e-02,-4.042028265339774329e-01,-8.536958827944746142e-02
-1.734314571584483905e-02,-8.584880768456711053e-02,8.722247433521330973e-02
7.363145970481231595e-03,-2.938733846377218351e-01,-4.100737380719418623e-02
-2.551291944679055512e-01,3.809700522458853156e-01,1.618716268351159948e-03
-1.963607407590862441e-01,1.198729421989518096e-01,-7.050625370652045115e-03
-3.487637261344666562e-01,-3.127193964788637648e-01,-3.592153703040357887e-02
-1.054394697129707181e-01,-2.151149241349784580e-01,-5.796518088732668939e-02
-4.503618547672048611e-01,3.670432610980631782e-01,-4.741085635379562596e-02
-5.316331956631957789e-01,-3.320082128227699880e-01,7.144611659121924419e-02
-4.415543505290254328e-02,-2.652661674229234712e-01,-7.137872763946409571e-02
-1.428399231168107630e-01,-5.445735850837979397e-02,-8.366197948307836640e-02
4.781170654193610953e-02,-2.201646285134937486e-01,6.577444822565198246e-03
4.768902536575829187e-01,2.860912049494653275e-01,2.039832067502120316e-01
-5.909809891594616227e-01,-2.884315609786272105e-01,1.151076752797356405e-02
5.994285614152327080e-01,4.341702454043004367e-01,2.376304749290585397e-02
-4.454493799019835776e-01,4.463165884522445337e-01,-1.432034962078250311e-02
1.642670693611812949e-01,-2.914803443742798317e-01,-2.236176726937689346e-02
-3.784056617115091892e-01,2.098218926575114440e-01,-8.850189032511704412e-02
7.959166015997669597e-01,5.312664964014104235e-02,-3.213503880654805522e-04
-5.714380409671894201e-01,-2.722903532300721685e-01,-1.922264504069026714e-02
-1.953348781017570368e-01,1.796618865314716651e-01,-4.904665696350324344e-02
-1.709401981303280693e-01,-3.904550561406880949e-01,-4.516211642222393158e-02
5.737640554832520307e-02,-5.737872938151391544e-01,2.385916706106028934e-02
-9.823871056091484921e-02,-5.123065955858634862e-03,-4.551451926803089937e-02
2.654917861969635640e-01,2.627280673403079581e-01,3.862387741106475259e-02
1.835286356061056334e-01,-4.267116062585946668e-01,-5.484938086967064419e-02
-2.264221400595738953e-01,-2.573023478307410739e-01,4.802700387373031593e-02
-4.526073630255999514e-01,3.722638190189831997e-01,-9.067722874524335175e-03
-6.484352254698556584e-01,-4.175044767539710100e-01,-2.253995896670268201e-02
-5.127573347139290361e-01,-2.049377298651773593e-01,-7.080483585918014022e-03
-3.798062316925128745e-01,-3.556265393707596090e-01,-4.746711052326435532e-02
2.876974069710144105e-02,-3.741489457499497240e-01,-1.342116371946599357e-02
-1.566777500500896869e-01,-4.811016256054607143e-01,-3.301868049089974610e-02
-4.516090286795719222e-01,2.470370106687560380e-02,-5.363713369832644184e-02
-2.041393261963719841e-01,1.422875929319367128e-01,-9.342731650061676663e-02
-5.727683861024720491e-01,-3.502578473035067863e-01,-1.630577289151911857e-01
-5.656149661287644959e-01,7.178248337355540576e-01,-1.078155324027174795e-02
-5.814772301542899813e-01,-2.609314476941289596e-01,1.917071087005802962e-02
-1.500190296529829437e-01,-4.297648715297101019e-01,1.575928909412775344e-02
-3.947293124092610683e-01,-1.794095768222959131e-01,4.343424975634427310e-02
4.498886662288112404e-01,2.472894494605525073e-01,-1.712685186570402779e-02
-2.628420481120312679e-01,-2.864357217506280917e-01,2.655863149992681096e-03
-7.638899311322036589e-02,-4.092442919184758887e-01,-3.026875471981560137e-02
5.830193761283705145e-01,4.358643732368729928e-01,2.158525477335244969e-01
3.897380647795656849e-01,2.244624990868252512e-01,7.422758892101076478e-02
3.758535183969685667e-01,2.689973367742514165e-01,-2.281354380282190134e-02
-6.997604471146398053e-01,-4.586130600781483935e-01,-4.538121128216712069e-02
-6.127874976018350406e-01,-4.263858796897661008e-01,4.111396650712908357e-02
4.215879095190746551e-01,5.331633870228407179e-01,6.236580826264010585e-03
-3.003555601054118673e-01,1.053007357842128261e-01,-2.956814521479228172e-02
3.828445303211187589e-01,-5.814005502635972711e-01,-3.399666436160155014e-02
1.260283169324276087e-01,-1.529518517825759205e-01,-5.456761581548857237e-02
2.198143791293800942e-01,-5.733184157035942086e-01,-3.320539252633761262e-02
6.735947494243677003e-02,-5.452765358297980702e-01,-6.005945444749392903e-02
7.190431525612267505e-01,4.629228422913848617e-01,4.100972003277990330e-02
-1.680108117241380442e-02,-9.391268952348683086e-02,-7.893991030848462875e-02
8.936852602156204750e-02,1.243734276936330069e-01,9.388532520516117141e-02
3.923967657174035617e-01,6.849717332035707429e-01,1.261573286242755922e-02
4.674627975219266540e-01,4.126254683567562309e-01,5.673090087452538344e-02
1.199531400467702819e-01,2.019121285292026502e-01,9.659172399717481927e-03
3.417342528263495050e-01,6.211303736543405396e-01,4.032747791008055305e-02
-6.552237275917670578e-01,-4.339194005677651789e-01,-5.513655253958348046e-02
-3.003544455858690454e-01,-1.634237777321474183e-01,-7.392537173510951853e-02
3.368888533132033403e-01,-6.279647442793906409e-01,1.279762660898662446e-02
4.023940752470474558e-01,-7.799137894752566913e-01,-2.855145774240914341e-02
-1.485877133764251234e-01,-3.727320163451140755e-02,-5.896838081356624295e-02
-4.971682227738745685e-01,-2.898379974410826843e-01,6.754704222386390122e-02
-4.339878163210074691e-01,6.335087534402297216e-01,1.332342297026061634e-02
4.809624177433555192e-02,-2.665743446946853834e-01,2.615480317780627395e-02
4.656852366083953365e-01,4.087913022857360135e-01,-4.663556699489669610e-02
-2.946667010856851565e-01,-1.306482435282606824e-01,6.935995013482733340e-02
-2.462104933118994810e-01,-2.923330102656664375e-01,-1.967663492153724075e-02
8.629384974580139867e-01,1.362114281763188162e-01,4.988734056458924218e-03
2.974225200820444504e-01,2.310894114669775901e-01,1.344812841434372408e-01
3.037203915571128343e-01,6.789867734240355446e-02,6.509530808421855330e-02
-3.726916109253862741e-01,-1.435044074004588333e-01,2.861454230281661182e-02
1.869627020787710814e-01,1.889931881187376095e-01,9.121813581164175955e-02
-3.657789977983350038e-01,1.397450700509899613e-01,-2.341402843318023813e-02
7.453137721509515978e-02,-4.630911567919773764e-01,-4.697747602316743737e-02
4.362349235694320537e-01,5.466007688941838527e-01,3.182907882193267840e-02
2.308942178102453835e-01,-4.137364188948554067e-01,-2.317210753321900796e-02
1.553670603908971215e-01,-2.304196126224747343e-01,-2.393529705860832427e-02
-5.969261128146746698e-01,-4.352599112872252429e-01,-1.661437091486420714e-01
2.532831350287512162e-01,1.323439528021153611e-01,-3.344800311542377169e-03
-2.459752886055122101e-01,1.673240121844279948e-01,9.608574517819776575e-03
-1.696365922076999710e-01,-4.220059750829652234e-02,-7.783228342009222700e-02
-5.296592677873449562e-01,7.319677798876291774e-01,-2.407491567146007733e-02
-1.181984506855778133e-01,-1.371116972237126641e-01,-3.546088702267238130e-02
-5.944777156757059533e-01,-4.085734140231760403e-01,-1.031745863338926761e-01
-5.396031156608841473e-01,2.241836284832453841e-01,4.328077609914958435e-02
-4.201652528782527929e-01,3.691914847228965346e-01,7.880203013210537386e-03
-1.340536159562095431e-01,-6.486822117031913748e-02,-6.428536056414685396e-02
8.253442988196066366e-02,-2.794411344991863388e-01,-3.213328673649369638e-02
4.251194261872649482e-01,3.139097273249163988e-01,-4.451578502572407781e-02
-1.326097294233568591e-01,-2.253420545751591009e-01,4.200723609468624831e-03
5.453754420960353899e-01,4.165166235885589541e-01,-4.146336770381092718e-02
5.481357018717450957e-01,2.980567530507466367e-01,3.760994422667977150e-02
6.110123190007339389e-01,4.165773557439247377e-01,3.001624531190442147e-01
-5.923042695591029805e-02,1.045185507694032095e-01,3.161402155030958172e-02
-9.966551910396251324e-02,-3.113009513996590205e-01,-1.506917455113637727e-02
2.227469281719847705e-01,1.022399443971303279e-01,-7.108370522119357438e-02
-4.632403177864736210e-01,4.146699880476018008e-02,-6.963472197767298089e-02
4.618451476805741085e-01,2.431564865507616358e-01,9.406929864481618220e-02
-1.995672877575286608e-01,-8.405285909358949092e-02,8.663221177670676898e-02
3.689664507446310804e-01,3.290627896716077916e-01,5.918890843045663402e-02
-7.109711444597621721e-01,-5.052969818726484874e-01,5.861856683127789937e-03
2.970096037588921822e-01,2.295457757287395761e-01,8.182999310446865959e-02
2.385383846706541910e-01,-3.913988186708579065e-01,-1.668223361528824167e-02
4.426163331766872489e-01,3.927234984492731229e-01,8.236670075170417216e-02
-3.565904226875564742e-01,5.938067049953814347e-02,-9.637580163869530203e-02
2.832054866935960202e-01,3.067716577060276562e-01,-8.412138998269645673e-02
8.011768015745899252e-01,6.311931270422607709e-02,-7.753943630630331929e-04
3.851062627178162279e-01,4.483162381142944408e-01,2.152050559540392982e-02
2.867251635319512659e-01,-6.312092181624434639e-01,-4.843783099508944257e-02
4.141629170160036899e-02,-5.652995313925777143e-01,-2.063094967938162994e-02
-3.403958970420375985e-01,-3.379581377166028799e-01,1.148050634111831142e-01
2.347623709073425879e-01,4.775138022740207933e-02,4.097447618800167252e-02
1.348842353663266824e-01,-5.018466772910654683e-01,-5.967647289660603371e-02
-4.720650296514273814e-01,-4.478327757764824502e-01,-1.480076663275500456e-02
7.341861988034635578e-02,1.073760761947991083e-01,6.822245812699379020e-02
-2.340053020542398332e-01,-7.529003379346567437e-02,9.778624256072349086e-02
3.564949045417210582e-01,1.714898539636783847e-01,-1.289808136077819078e-02
5.889545980883649501e-02,-2.855970271437032748e-01,-1.442294104195271376e-01
2.375636198407572175e-01,2.242132942077429136e-01,1.027100765655026282e-01
7.601314897460145770e-02,-4.115539565354323637e-01,-6.541931620950706960e-02
1.780323745542650715e-01,-4.998715560012468306e-01,6.317378311139399197e-03
-3.975126271880598527e-01,5.961795257051717353e-03,-4.118662482120708651e-02
5.996556132867727484e-01,3.573854813960627985e-01,2.300525458273748602e-02
4.791993185708728897e-01,5.211134819764081660e-01,1.043303610047533608e-02
4.568839757004161672e-01,3.372834032870001275e-01,8.772398197632327865e-02
2.426532895320941685e-01,3.952398890553678740e-02,-2.006119165494700540e-02
-4.929297321111096863e-01,-2.426761615399180561e-01,-2.212146470725606662e-02
1.078309004107844277e-01,-4.090338166686125487e-01,-3.794084084240924304e-02
7.816051880127622420e-02,-6.367491753461214377e-02,-4.739475011765617585e-02
-3.999509239450337317e-01,3.327128227468587052e-01,-8.115645174444703625e-02
1.189067538291375403e-01,2.047249482967094247e-01,5.794933127287953123e-02
-2.802868639359953895e-01,-9.475436072528628517e-02,-3.000646291268422444e-02
7.926271683637051146e-02,-2.278146093771374336e-01,-1.540720749183634719e-01
-2.928382755556138139e-01,1.645927443950031543e-01,-5.441857069619775167e-02
3.428593315115084361e-01,-7.425294262276220802e-01,-4.778896022498196894e-02
-1.360992264132278584e-01,-1.742336485380929084e-02,6.388503934753238245e-02
1.169192890339093849e-01,1.804147072830723508e-01,-4.939799092657215507e-02
2.252789734908790253e-01,2.454738284888438038e-01,9.594001820240199985e-02
-4.319383966399027441e-01,3.035984133455525424e-01,1.596116594399588084e-02
2.719382616950984932e-01,2.512660972306701157e-01,-3.293176487859493518e-02
-4.184117476715564221e-01,1.776857464992821767e-01,-5.583832151431775831e-02
4.055840822704657664e-03,-5.816142554674962328e-01,-2.941812358544533892e-02
3.316173960608617688e-01,2.018872148628914065e-01,1.050107466032136061e-01
-1.837858659879856027e-01,-1.280687144380437681e-01,1.408816994179701299e-01
1.037862877538266587e-01,-3.036658172521721766e-01,-5.192839909533133319e-02
7.216336398889097725e-02,1.871201053937947001e-01,8.736572220412137935e-02
-6.356603914923580900e-01,-3.262426952766854238e-01,3.672458931313878072e-02
4.754120515380537704e-01,3.334788593658581934e-01,1.004368726756733887e-01
-4.783548797755184795e-02,3.850656500381828551e-02,-8.330665317042042217e-02
1.473211683106240844e-01,-4.775133730243794616e-01,-2.228022347064895214e-02
7.623245562601740910e-02,-2.335299650709333208e-01,-5.051588698236671171e-02
-2.930488869590760492e-01,-2.469162384822163325e-01,8.430310043844542467e-03
4.451841276116184076e-01,3.821559753122098502e-01,4.862638167816815682e-02
1.166287777268190523e-01,-3.275523258571604868e-01,-3.432608588058951721e-02
-4.812786044003639074e-01,7.202368470248493582e-01,-1.355319401763998947e-02
-6.752575767421609143e-02,-7.551047018198145389e-02,-1.232528975460950860e-01
-2.002665534555332916e-01,-7.790824483179381588e-02,-8.012953105932102416e-02
-8.949217225906616960e-03,-3.414472319967948311e-02,-3.672950691160326714e-02
-5.138130686648102463e-01,-4.431871808293306181e-01,1.441519960091507818e-02
-4.849612839329305314e-01,-2.400649407650968514e-01,1.222738167907964218e-01
5.599584988608105607e-02,-2.695025222494732420e-01,8.136438434976231426e-03
4.521736188415814706e-01,5.757817850612703126e-01,-1.189065898029272039e-04
1.254300185833229497e-01,1.142733752534701719e-01,8.421145720253583877e-02
-5.771045906246060619e-01,2.431184309754547967e-01,4.848109693361418379e-03
4.276867476944002933e-01,3.855729441201665164e-01,-6.941082301689181777e-02
-1.698219399806561170e-01,-3.846285083448059972e-01,5.333563604512251560e-02
3.931530528441053440e-01,3.394545766848834911e-01,-5.707393053713695485e-02
-6.222865478904898717e-01,-3.213753327395216797e-01,7.754375181190985289e-02
2.548683375933253892e-01,1.201493548035548059e-01,5.973281648848313696e-02
6.504922964112026529e-01,4.397229352942608749e-01,8.800452089412010015e-02
-4.222760795677719114e-01,3.821994864502329947e-01,-1.015925200768817704e-02
-5.432942412358030548e-01,5.775982643359219848e-01,-2.820504262916366869e-02
-2.371953873197911733e-01,4.128245691844827092e-02,-3.195280043547296667e-02
-1.778603313329482072e-01,-3.980500399299743419e-01,1.754231807771449228e-02
1.499502280631104800e-01,-3.461923346974783988e-01,-4.929661475747640353e-02
5.939844717321092205e-01,4.300087967573641423e-01,2.531286302931657350e-01
-4.087820938097365131e-01,2.709736089708530415e-01,-4.944527875546683715e-02
4.968530209166011069e-01,3.312445256668838378e-01,4.778548179206897756e-02
-1.158852945416432578e-01,3.824745743268880005e-02,-1.607213044802927732e-02
2.435351299378876178e-01,-3.822879072504583031e-01,-5.011792913003328132e-02
1.023202289634515677e-01,-2.354123482159719560e-01,-3.283773784598548878e-02
7.700958226506275928e-01,2.583603795216371513e-01,3.226589410463587271e-02
2.835272165255873777e-01,-6.641992460282128974e-01,3.998632967148638313e-03
2.646534181708808386e-01,3.188532969654700455e-01,7.614927715844899136e-02
-6.896763934701425347e-01,-4.094751405074566475e-01,8.199813580908286992e-03
1.326275932320391815e-01,-3.686523342697740121e-03,1.609578834322406005e-02
4.922968158486344947e-01,3.284464043392302801e-01,1.725343533344594615e-01
-1.751566657282334905e-01,-3.764290408026326196e-01,-3.429011327056365188e-02
4.777181811505181730e-01,5.833559189153815216e-01,1.901904930321391546e-02
1.493563971090098863e-01,-2.330469158485852788e-01,-1.318065814737524322e-01
-2.549518750759278141e-01,3.780677327696027046e-01,-3.915439353166777492e-02
-2.517503436417346530e-01,-2.224188600733582877e-01,9.996827657080033236e-02
1.377310372426413521e-01,-3.979135740938178900e-01,-4.436464073629622917e-02
9.650086263766823047e-02,-4.742660907662367697e-01,-6.576985457251897926e-02
2.906477416315972340e-01,1.440845450697097463e-01,3.040517649294323388e-02
3.559167654561726235e-01,6.931021348045296460e-01,-1.881008235146499480e-02
-5.524515913321271787e-01,4.939471277509254188e-01,-6.114026205971827971e-03
-3.086656979073665666e-02,-3.691834160062689163e-01,-7.293747754119084270e-02
-3.916530512279134957e-01,-1.550784814384356947e-01,7.337962527203911733e-02
-1.766524087231507167e-01,-1.839097891905276116e-01,5.734162206943793638e-02
-3.513223044509522497e-01,2.713102322464182592e-01,6.622191140941761228e-03
3.735526556899491091e-01,-5.466765156945281312e-01,1.034144355468159457e-02
-4.365129289474350416e-01,4.954364991431488008e-01,-6.849146667351271867e-03
-4.439114717196062099e-01,-3.700581697134434633e-01,5.320580824271080311e-02
5.087825649320578680e-01,3.008197398858395988e-01,8.219785293418094274e-02
5.118348260989254994e-01,4.063437764672472863e-01,-3.414444109348038769e-02
1.033680863194559735e-01,-5.761580326316038114e-01,-6.610908496461419259e-03
2.982068117403388965e-02,-7.994295803051323923e-02,-5.933015639180516665e-02
4.475627560493165569e-01,2.829086391662941624e-01,1.076263842471958804e-01
6.290463982351984784e-01,2.463231742688376524e-01,1.624931618182937076e-02
5.432396185940504552e-01,3.150399968434445253e-01,3.057817869312089154e-02
3.653447253865909072e-01,3.412671065510703983e-01,3.503522926994481757e-02
-1.319027656117174874e-02,-1.112284088040294688e-01,2.893414741230506890e-02
-1.355220910947347035e-01,3.380413729189800376e-02,-5.151780134725522653e-02
3.911656384843243406e-01,3.574958499868211015e-01,-2.595347210749379338e-02
-2.281763321570445813e-01,-2.617652037505979190e-01,1.025162238034317899e-02
-4.647536944087670707e-01,-3.686020601787304285e-01,-4.320574068664904954e-02
-6.742902033123526762e-01,-4.237745552262253690e-01,1.092745073111621792e-02
-1.181693395823337905e-01,9.937330959528981045e-02,-3.773955956466628486e-02
-6.443208898578919319e-01,-4.882673218179147123e-01,-1.650912266702123099e-02
2.107468396896405166e-02,-2.093612195662046260e-01,-5.479688540663059382e-03
3.793580967815786686e-01,-7.836505043135305604e-01,1.559959791193233671e-02
-1.270616729004234446e-01,1.700095594903528601e-02,-1.344538679027676778e-02
4.170249348205427031e-01,3.357849578042581551e-01,1.601391149303273420e-01
-3.845835088114825662e-01,-2.659658840906200528e-01,8.706836304724591136e-02
1.767271546224084555e-01,-4.532529716550866006e-01,9.310397253495871633e-03
-1.550780472722687597e-01,2.530988981826867712e-01,-5.534725309784178926e-02
1.102027595061041698e-01,1.473846425775315605e-01,5.614700108470661866e-02
4.763569225924239869e-03,-2.594510960539331279e-02,-4.837739567688402464e-02
8.822901797972601545e-02,-3.446027461388729285e-01,-3.412839743974222656e-02
6.822624050863549394e-01,3.798237629423519279e-01,8.253110909439170806e-03
-1.703831814763599461e-01,2.059797927503943527e-01,-4.440634156347872397e-02
2.396301236679234670e-01,1.293453191470963493e-01,-1.016317055136284619e-01
-5.968494371944667032e-01,1.870775573323812391e-01,-1.816899088736234277e-02
-5.196384693312758873e-01,-4.733481291015987913e-01,2.218769926619702793e-02
3.440255698025415816e-03,-1.228052345608926788e-01,1.640516732692394106e-02
3.972805935867629867e-01,-8.342881615741560841e-01,-9.861097050994496044e-03
-5.947724470482976811e-01,-4.090592765492456206e-01,-5.197029858701206206e-03
-2.142597520397996058e-01,4.065740191901622003e-02,-2.845868880184269922e-02
-5.986907298039010339e-01,-4.124230773449266141e-01,-1.605671805632041538e-01
3.665050457367792225e-01,3.187090091494654276e-01,1.074468365877978906e-02
4.503661003220604253e-01,3.025818637367356234e-01,2.013068862272482384e-01
1.919449424227686329e-01,5.641672365898949687e-02,-6.587951003047064213e-02
9.347289397634446495e-02,-4.496117939928494928e-02,-5.569775729084860266e-02
-1.589249204556367479e-01,-1.210021970970513033e-01,-5.526378389436642502e-02
-6.448671853046087366e-01,-3.245984819169477897e-01,-3.255190264856430704e-02
-4.648956796860261032e-02,-4.861916161578184320e-02,-9.196427008777649514e-02
3.345032519000203930e-01,-6.571560837060300697e-01,-6.413069226063897177e-03
-2.973843802573322148e-01,-3.622025506783994875e-02,-1.444536847582888334e-02
4.582900035543064354e-01,5.893048418884562212e-01,2.252716007869927373e-02
-1.930193014895529302e-01,-1.582727764693185324e-01,7.916424592515272640e-02
7.666985657910535545e-02,1.486847745412817612e-01,-2.748325201156619907e-02
-3.900279833132893614e-01,-3.422759384318777021e-01,5.209078926940581555e-02
-2.658112277065081686e-01,1.342763088513706793e-01,-8.336696659279406452e-03
-2.786914398378776414e-01,5.585840121501894212e-02,-4.717360902587751370e-02
2.765712318952056603e-01,3.099316953536583874e-01,1.719219031601388128e-02
5.959564727428526831e-01,4.564893807125153802e-01,2.987490985799487117e-02
-1.650895371387340604e-01,-4.584378527134864711e-01,-8.926757994237612820e-03
3.370404754531513003e-01,6.819569929137360154e-01,7.755019088834261276e-03
4.686182927236212103e-01,2.869068725710460788e-01,7.207625562021550969e-02
-3.080397102697975814e-02,-2.958558448520365869e-01,-5.204186302097178057e-02
-1.081885319959944441e-01,-3.995878921031396080e-01,-4.111734789678595653e-02
-1.528299926689573596e-01,2.591729137216088885e-01,-2.544703044690877630e-02
-2.700967348106357857e-01,-1.085915377153867656e-01,-6.577155018220195992e-02
-7.096941716488922580e-01,-3.770350940929541039e-01,3.559464978824011458e-03
3.082792409893225227e-01,-5.902056144295715345e-01,-2.486328742341272977e-02
-5.381241971430212878e-01,2.345969432441491753e-01,3.916621357420771443e-02
2.216595986084800574e-01,-5.216891621898521736e-01,-2.208347664295345902e-02
-1.233918381210021703e-01,2.674501536732298845e-01,-7.231975404693419263e-02
9.138973451080556476e-02,-1.998787998187299131e-01,-3.087622108239403140e-02
4.795462436627203479e-03,-6.128137169201013090e-02,8.274673815808969435e-02
-3.686946490108061747e-01,3.184250526455472130e-01,1.051742344678242846e-02
-2.551641584753573389e-01,-9.824522368074653511e-02,1.030602205807101684e-01
1.016525977395849739e-01,-1.705001426311783808e-01,-6.856186912618791873e-02
3.510731478138617162e-02,-2.530396520478903621e-01,-2.462302051489003232e-02
-3.935133983996100815e-01,4.038039322173371803e-01,-6.477208925297490982e-02
1.738464867163437566e-01,-2.169084809794784297e-01,-1.842525920970704556e-01
3.487998756338223788e-03,-3.748843519852921302e-01,1.903201493981803230e-02
-5.584193744977464791e-01,-3.103555535574738511e-01,4.183631291133343977e-02
4.441555427195083561e-01,2.030148034672680235e-01,4.061608326451959794e-02
5.537404891446131572e-01,3.844759569253587972e-01,5.156588960514486147e-02
4.714194746863215046e-01,-7.710529114918855953e-01,1.658237207591056056e-02
-4.164376730300305973e-01,8.186199185004607026e-03,-2.277539841888758659e-02
3.581363988320023228e-01,2.718786324579685054e-01,1.475246378251577339e-01
6.360780270755017618e-01,4.472403047090792172e-01,1.011311254610425814e-01
-2.600629958653825069e-01,-1.124442833536948849e-01,8.627795145786869291e-02
-3.555657342612607991e-02,4.075876179680168465e-02,6.730968105916121380e-02
-5.904096730107791791e-01,6.498031838077520383e-01,-2.384255682427928805e-02
4.777618289590562783e-01,5.646001015366811648e-01,1.298198176469536787e-02
-2.598233666110789097e-01,-1.374759269422816399e-01,9.342780290047487946e-02
5.568442106709274864e-01,3.397089461735169347e-01,2.293104216359988234e-02
-4.925839355458176971e-01,-2.057954812785493248e-01,1.403810939751824055e-02
-1.443743130274007525e-01,1.814219571315159596e-01,-1.634073288089161469e-01
-2.693192952452750366e-01,-3.030086114249008755e-02,1.159400575478669593e-03
-2.709518405155572074e-01,-4.025175054633526456e-02,-7.365212293819831113e-02
4.536858580225449633e-01,3.125643934550956793e-01,3.043958912253212357e-01
-3.489588050197446889e-01,4.699086584523731180e-01,-3.067360175410980758e-03
5.390951839505524201e-02,-6.666162118385360325e-01,-2.976320780297952301e-02
-6.188988257256695935e-02,-1.056598201492623124e-01,-3.464033637496251317e-02
4.284019132586436851e-01,3.106188393290655880e-01,7.926219923695608516e-02
3.589483547536342911e-01,2.199845643875959489e-01,-3.396198202158880186e-02
-1.714268260562203938e-01,1.763244420060564033e-01,-8.801193551519279068e-02
2.669836708475335496e-01,1.306712589680874004e-01,-3.567517286442425245e-02
-2.978894465541901404e-01,-2.386974941393708582e-01,-9.256538074158635054e-02
-2.380061271113265431e-01,1.917530297850249532e-01,-2.349113320382638370e-02
2.567714327159419940e-01,1.293200196011216607e-01,9.710566207994841825e-02
1.027295803182039086e-01,-5.362985660964109808e-02,9.314649090551990751e-04
6.408841487075908061e-01,3.386103423108157706e-01,-5.447051441147782863e-03
1.240247312713941980e-01,-1.978296380940349486e-01,-8.920183931198782945e-02
1.895421797543225817e-02,-5.829544725738173838e-01,-4.245304819107780653e-02
2.661236340104236597e-01,-5.030410287157687232e-01,-2.632369723464557387e-02
-5.339343615167123636e-01,-3.679702058233234041e-01,1.332846934497027569e-01
-5.129764441527955299e-01,2.438893645891754836e-01,2.078080112099518761e-02
2.875718744940554752e-02,-6.158925663956581475e-01,6.957454378781828021e-03
-7.481547618680757517e-02,-2.593531975900486009e-01,-3.945702998034859160e-02
-5.943192436069300033e-01,-4.543403875488381538e-01,2.895607235416869027e-02
3.050071836264487413e-01,1.251664812955891604e-01,-1.140874139114782942e-02
-5.490034726217862815e-01,-4.641783487160675015e-01,-5.293980769768703853e-03
3.168157794763095669e-01,1.453216485354247578e-01,5.018561621717863852e-02
-4.924147334454933578e-01,-2.421960719071557799e-01,-7.726781452350126034e-02
4.881732749869446830e-02,-5.630527778566435382e-01,-6.255880631643398471e-02
-4.935277820542672278e-01,-2.405369362193587046e-01,4.789055203232254337e-02
-5.150423837459140453e-01,-2.796653305215986429e-01,-8.001655769973993471e-02
3.528304761080298946e-02,-1.466439516032997381e-01,-7.092713445872109168e-02
-1.198739098006691012e-01,-2.960804960498596844e-02,-4.951083976884626536e-02
4.885596551027055617e-02,-5.396873156678752004e-01,-1.652024008033837338e-02
-4.353779372187473462e-01,8.083340536770686549e-03,2.598749456240694033e-02
1.742604513428246960e-01,-5.817778008141279988e-01,-3.462500545691234166e-02
2.713250402427907493e-01,8.391798418884514887e-02,-3.182554647540958292e-02
-2.135284458083058223e-01,1.781336029210133232e-01,-1.163432414562593775e-01
-3.800056608433424188e-01,3.189053107945091226e-01,-2.952615448862468475e-03
-4.191041266604307869e-01,-2.370936591743419697e-01,-8.140212433872279219e-02
-2.119075040736354554e-01,9.155148782092605020e-02,-2.856045184905131595e-02
2.296181366035057181e-01,1.039047401793430914e-01,-6.474970658397609380e-02
-3.682382149586791442e-01,8.566018207438737264e-02,-4.929416550080544662e-02
1.713906632621965409e-01,2.725553314903082086e-02,8.259976086557198338e-02
5.546013320937175362e-01,3.704982952323945256e-01,5.209254827404015409e-02
1.967704284084428046e-01,2.206634011979371479e-01,9.582926282406699359e-02
6.185571039244756181e-02,-8.526545952938254305e-03,-4.954344740112816281e-02
-2.466916649705624687e-01,1.488195485807605467e-01,-1.543112668304556234e-01
-1.306195147419021152e-01,-9.601814785817838760e-02,-5.430328506636385166e-02
-1.788455603571823260e-01,-8.222310721723187499e-02,-7.228510056227385738e-02
4.650937151270061465e-01,3.546044907065971641e-01,3.066289911742466900e-01
1.159865513620423338e-01,-5.199012233452193765e-01,3.815111773438289999e-02
-9.031910404660220548e-02,-5.637475326115538865e-02,-9.723101878812692722e-02
-1.947440415779091716e-01,1.310260812560789523e-01,-9.285839074004996474e-02
3.773728874484781892e-01,5.467123375854903156e-01,3.352412152223731984e-02
-2.497034163807299312e-01,9.242870730514823885e-02,-1.703627624578977345e-02
-3.074983282047283328e-01,1.798970799911686347e-01,2.604997534985113022e-03
-5.376084038244314245e-01,6.336492842871899178e-01,-4.660874578503725052e-02
-1.888393256650925389e-01,2.175657095385469808e-01,-6.021299830606897940e-02
-4.995775077143679299e-01,-2.274701242201341289e-01,-6.253239892690787283e-02
-5.547313600317168580e-01,7.744084147702071652e-01,-5.108010628570348183e-03
-5.897880052343996704e-01,-4.169316550117215248e-01,-1.437349609258109506e-01
-3.653126614229381119e-01,-3.317608731835817171e-01,8.880476635197953605e-02
2.714534643594036512e-01,-5.739422080633401757e-01,-2.321013881025592307e-02
-2.219073623273596363e-01,-1.002979978204728562e-01,1.359339556478215694e-01
-5.138290662083909721e-01,7.371884328760861527e-01,1.283085444024040407e-02
4.252392754354717974e-01,5.130998800538969506e-01,3.499092203473880280e-02
1.966239475804756887e-01,4.436582848809718371e-02,8.156594489052099162e-02
6.612624119380845489e-01,4.912296480285157640e-01,1.666137376645893120e-02
5.677943252544933594e-01,3.894694575299160189e-01,2.680256656221925715e-02
5.777528482543196064e-01,3.758808117850312991e-01,2.490128158950419279e-01
4.069100586014298138e-01,2.198496930461822652e-01,-1.880082461955848508e-02
3.486717184684237081e-01,-4.507780122626084407e-01,-2.796610933983262326e-02
-6.716454676804292090e-01,7.350342467532585689e-01,-1.171302367159817066e-02
-5.911509189800624453e-01,-4.223919570470714424e-01,3.953975055377173531e-02
-5.724737523840313091e-01,6.885100192099885552e-01,2.595669744009316410e-02
7.171800423266113667e-01,1.688698737590528520e-01,3.641487419588560620e-02
-4.806040471664741465e-01,2.894034059470324549e-01,-5.833353678968537966e-03
4.622087618980832979e-01,5.009943497824974612e-01,1.297264802402306114e-02
5.950313141953720297e-01,3.757041899008660701e-01,3.162026879817079750e-01
-1.681840786784799535e-01,-2.339491593648314605e-01,-2.947077221879972758e-02
4.379179120680383452e-02,-5.513389037043222585e-01,6.998009535131429100e-03
-2.234128315928495812e-01,-2.040445229435267627e-01,3.360597982669843303e-02
-1.004463855177371856e-02,-2.964788385122258396e-01,-7.091769705959083403e-02
-4.268630242166568944e-01,5.535726777849370173e-02,-4.656455768135203677e-02
3.839448160602058624e-01,5.658325590869279775e-01,1.988830923032208070e-02
6.462840530521243299e-01,4.242909730990154227e-01,1.101909586767289839e-01
-2.303197483796969314e-01,-1.751672943188291309e-01,8.953933471197604577e-02
4.725118967488814437e-01,3.825454315061923016e-01,-1.449216462027178368e-02
-3.236562080627370386e-01,-2.183990200189581121e-01,1.178759343484489519e-01
-3.207731608921152167e-01,-6.971924599391703115e-02,1.048220950602623755e-02
6.289743592252841076e-01,2.681542773240702116e-01,-6.627837439837237082e-03
-2.125498617002077317e-01,1.948507248090075306e-01,-5.016722299547263231e-02
-1.427495104741443033e-01,-4.401012800999603014e-01,-5.499764066506633575e-02
3.587991010835692163e-01,-5.655038436357163745e-01,-4.191301916639744718e-02
5.237182827581524647e-01,3.209429921960738064e-01,9.382044538310524429e-02
1.275832929795382709e-01,-1.924359617140747880e-01,-5.245192404899147454e-02
2.372049497157560638e-01,1.712056439003401542e-01,-6.158985865462078546e-02
-1.656704747341447292e-01,-3.702974323903216458e-01,-3.664530139329837816e-02
5.844398780065181986e-01,2.166237410090986193e-01,3.947091136196866079e-02
2.832784294376521350e-01,-5.522839272065738214e-01,-5.749230899321795124e-02
3.310276946848471069e-01,2.465811971384485324e-01,1.037481085701432160e-01
7.025113467811515411e-02,3.955009707772258465e-02,1.146264750919757242e-01
-1.567837792599139912e-01,1.440064952148553679e-02,-2.934262055649983561e-02
-1.495490943243639737e-01,-1.451460100365292993e-01,7.201954571399001026e-02
-4.292192911484044582e-01,-1.876144389917130395e-01,2.526886020218788165e-02
-2.127737187596049628e-01,2.028918369432330671e-01,-7.379980410900882637e-02
-3.324842032932635028e-01,2.145363184183576577e-01,-2.880748280672640327e-02
-6.017480804718332577e-01,-3.957761254433193598e-01,-5.779563009423095005e-02
4.109692812458692335e-01,2.902488956104851137e-01,4.761036829574931406e-02
4.253244864216822879e-03,-5.128839512631034880e-01,-5.413128020798504275e-02
3.045255764482241445e-01,5.390514557181593641e-02,-2.568281379868543601e-02
5.751322951982584808e-01,3.716455468738127932e-01,-2.143293373597524726e-02
-5.941037946792047941e-02,-3.237161193551406080e-01,-2.358560651975639966e-02
5.522496386207448316e-01,3.870216146859771777e-01,1.590080571023034794e-01
5.617249734271306805e-01,3.593051517477923174e-01,3.238647595920906008e-01
-2.263072513021223697e-01,-2.326701866598341467e-02,-4.931150544890679221e-02
1.913138902174496836e-01,3.509985738953022572e-02,2.828087081608763459e-02
2.597299706929843688e-01,1.383774242053263659e-01,-3.438693058333362751e-02
